Entretien,Thème,Code,Verbatim,Fichier
Lau10,Attitudes des professeurs et de l'institution envers ChatGPT,Utilisation de ChatGPT par les professeurs,"""J'ai une prof à oui, à fond, et qui nous dit franchement faites pareil.""",Lau10_segment_8.txt
Lau10,Attitudes des professeurs et de l'institution envers ChatGPT,Crainte de la part des professeurs concernant le remplacement par les machines,"""Il y a aussi des profs qui au final sont des journalistes et donc peut-être qu'il y a toujours cette... un peu peur de... que la machine remplace l'homme.""",Lau10_segment_8.txt
Lau10,Attitudes des professeurs et de l'institution envers ChatGPT,Différences générationnelles dans l'acceptation de la technologie,"""Il y a aussi quand même les profs un peu plus vieux qui sont peut-être pas habitués.""",Lau10_segment_8.txt
Lau10,Attitudes des professeurs et de l'institution envers ChatGPT,Encadrement de l'utilisation de ChatGPT par les institutions,"""Je trouve ça bien qu'il y ait quand même un cadre qui soit donné si tout d'un coup on a envie, voire besoin d'utiliser l'IA.""",Lau10_segment_8.txt
Lau10,Attitudes des professeurs et de l'institution envers ChatGPT,Liberté laissée aux étudiants d'utiliser ou non ChatGPT,"""En fait chacun est libre de faire comme il veut.""",Lau10_segment_8.txt
Lau10,Attitudes des professeurs et de l'institution envers ChatGPT,Intégration de l'IA dans les études de journalisme,"""Il y a quand même un lien très fort entre mes études et les médias, donc forcément qu'on étudie aussi comment est-ce que l'IA est utilisé dans les médias.""",Lau10_segment_8.txt
Lau10,Attitudes des professeurs et de l'institution envers ChatGPT,Positionnement des universités sur l'utilisation de l'IA,"""Je pense que c'est aussi grâce au fait que les unis se positionnent par rapport à l'IA.""",Lau10_segment_8.txt
Lau10,Attitudes des professeurs et de l'institution envers ChatGPT,Utilisation explicite de l'IA dans les travaux demandés,"""Cette année, oui, avec le prof pour Excel.""",Lau10_segment_8.txt
Lau10,Attitudes des professeurs et de l'institution envers ChatGPT,Perception de l'utilité de l'encadrement institutionnel,"""Je trouve ça bien qu'il y ait quand même un cadre qui soit donné.""",Lau10_segment_8.txt
Lau10,Attitudes des professeurs et de l'institution envers ChatGPT,Influence de l'institution sur l'utilisation de ChatGPT,"""Les unis et les médias aussi, parce qu'il y a quand même un lien très fort entre mes études et les médias.""",Lau10_segment_8.txt
Lau10,Contexte d'utilisation de Chat-GPT**,"""Trouver un titre pour un article""","""Trouve un titre pour un article journalistique sur une exposition immersive Tintin, l'aventure immersive.""",Lau10_segment_3.txt
Lau10,Contexte d'utilisation de Chat-GPT**,"""Besoin d'aide pour une tâche spécifique""","""J'ai fait un reportage l'année dernière sur l'exposition immersive à Beaulieu, à Lausanne, et je voulais trouver un titre.""",Lau10_segment_3.txt
Lau10,Contexte d'utilisation de Chat-GPT**,"""Utilisation pour clarifier des consignes""","""Un commentaire analytique, c'est parce que j'avais eu un cours sur ça et j'étais pas sûre de la structure que je devais avoir dans…""",Lau10_segment_3.txt
Lau10,Contexte d'utilisation de Chat-GPT**,"""Raisons de l'utilisation de Chat-GPT""","""Au lieu d'envoyer un mail au prof, je teste voir si Chat-GPT pourrait me donner une réponse.""",Lau10_segment_3.txt
Lau10,Contextualisation de l'utilisation des IA**,Influence du contexte académique,"""Les profs nous conseillent d'utiliser certaines IA.""",Lau10_segment_1.txt
Lau10,Contextualisation de l'utilisation des IA**,Type de tâches académiques,"""C'est plus de la reformulation de titres, des synonymes.""",Lau10_segment_1.txt
Lau10,Contextualisation de l'utilisation des IA**,Impact sur le travail académique,"""Ça peut être utile.""",Lau10_segment_1.txt
Lau10,Contextualisation de l'utilisation des IA**,Perception de l'utilité,"""Je me rendais compte que ça pouvait être utile.""",Lau10_segment_1.txt
Lau10,Contextualisation de l'utilisation des IA**,Exploration d'autres outils,"""J'utilise aussi NotebookLM.""",Lau10_segment_1.txt
Lau10,Contextualisation de l'utilisation des IA**,Compréhension des limites,"""Je ne sais pas si c'est vrai, mais j'ai l'impression que Claude fait moins d'erreurs.""",Lau10_segment_1.txt
Lau10,Contextualisation de l'utilisation des IA**,Facteurs influençant le choix d'un outil,"""C'est vraiment une préférence de Claude, notamment pour les réponses.""",Lau10_segment_1.txt
Lau10,Contextualisation de l'utilisation des IA**,Changement dans les pratiques,"""J'ai commencé à diversifier mes pratiques.""",Lau10_segment_1.txt
Lau10,Contextualisation de l'utilisation des IA**,Rôle de l'expérience,"""J'ai testé, mais je ne l'ai pas utilisée pour les cours au début.""",Lau10_segment_1.txt
Lau10,Contextualisation de l'utilisation des IA**,Évolution future,(à compléter en fonction de la suite de l'entretien ou de la réponse de SPEAKER_02),Lau10_segment_1.txt
Lau10,Découverte et évolution de l'utilisation des IA**,Moment de la découverte,"""Il me semble que ça a commencé en 2022, en décembre.""",Lau10_segment_1.txt
Lau10,Découverte et évolution de l'utilisation des IA**,Moyen de découverte,"""J'ai vu la RTS, des sujets RTS sur Instagram qui parlaient de ça.""",Lau10_segment_1.txt
Lau10,Découverte et évolution de l'utilisation des IA**,Contexte universitaire,"""J'étais encore en bachelor à Lausanne.""",Lau10_segment_1.txt
Lau10,Découverte et évolution de l'utilisation des IA**,Première utilisation,"""C'était juste pour tester, un peu comme Siri, en fait.""",Lau10_segment_1.txt
Lau10,Découverte et évolution de l'utilisation des IA**,Évolution de l'utilisation,"""Maintenant, ce n'est pas croissant, voire plutôt décroissant.""",Lau10_segment_1.txt
Lau10,Découverte et évolution de l'utilisation des IA**,Diversification,"""J'ai commencé à diversifier mes pratiques à partir de cette année, donc 2024.""",Lau10_segment_1.txt
Lau10,Découverte et évolution de l'utilisation des IA**,Influence des médias et du contexte universitaire,"""Les profs, en tout cas pour l'université de Neuchâtel, ils sont assez au courant de tout ça.""",Lau10_segment_1.txt
Lau10,Découverte et évolution de l'utilisation des IA**,Rôle des professeurs,"""On nous conseille des fois d'utiliser certaines...""",Lau10_segment_1.txt
Lau10,Découverte et évolution de l'utilisation des IA**,Exploration de différentes IA,"""J'utilise Claude, Gemini, Perplexity...""",Lau10_segment_1.txt
Lau10,Découverte et évolution de l'utilisation des IA**,Adaptation aux tâches,"""C'est au cas par cas.""",Lau10_segment_1.txt
Lau10,Dépendance à ChatGPT et perception de son impact,Perception de la dépendance à ChatGPT,"""Non, je pense que tout le monde utilise ChatGPT et comme les deux profs de cette année mais aussi de l'année dernière, ils sont eux-mêmes et elles-mêmes transparents, sur leur utilisation.""",Lau10_segment_8.txt
Lau10,Dépendance à ChatGPT et perception de son impact,Raisons de ne pas ressentir de dépendance,"""C'est vraiment une aide et j'ai l'impression, je vais pas parler au nom des autres gens de ma classe, mais j'ai quand même l'impression qu'on l'utilise plus ou moins tous et toutes.""",Lau10_segment_8.txt
Lau10,Dépendance à ChatGPT et perception de son impact,Conscience de l'existence d'autres moyens,"""On a un peu aussi été un peu baigné dans tout ça quoi. Ouais, on a grandi avec la technologie.""",Lau10_segment_8.txt
Lau10,Dépendance à ChatGPT et perception de son impact,Perception de la technologie comme un outil,"""C'est vraiment une aide.""",Lau10_segment_8.txt
Lau10,Dépendance à ChatGPT et perception de son impact,Évaluation de l'impact de ChatGPT sur les compétences,"""Ça peut être vachement utile pour le journalisme et même pour d'autres types de métiers.""",Lau10_segment_8.txt
Lau10,Dépendance à ChatGPT et perception de son impact,Comparaison avec d'autres outils,"""On est aussi un peu tous curieux de comprendre. Et donc quand on comprend, on voit assez rapidement que ça va pas nous remplacer.""",Lau10_segment_8.txt
Lau10,Dépendance à ChatGPT et perception de son impact,Acceptation de la limite de ChatGPT,"""Mais en même temps c'est ce que je lui demande de faire donc ça me paraît ok.""",Lau10_segment_8.txt
Lau10,Dépendance à ChatGPT et perception de son impact,Utilisation en connaissance de cause,"""On sait que c'est pas terrible au niveau de la vérité, au niveau de la véracité.""",Lau10_segment_8.txt
Lau10,Dépendance à ChatGPT et perception de son impact,Pas de sentiment de honte à utiliser ChatGPT,"""Bah ça nous permet de se dire en fait tout le monde l'utilise, c'est pas trop grave.""",Lau10_segment_8.txt
Lau10,Dépendance à ChatGPT et perception de son impact,Prise de conscience de la superficialité de certaines interactions,"""Oui, c'est assez en surface.""",Lau10_segment_8.txt
Lau10,Evolution et normalisation de l'utilisation de l'IA,Evolution vers une utilisation plus transparente,"""De plus en plus, ça va être demandé aux élèves de noter ça.""",Lau10_segment_9.txt
Lau10,Evolution et normalisation de l'utilisation de l'IA,Normalisation dans les pratiques académiques,"""Justement dans la charte de l'Uni de Neuchâtel, ils nous expliquent pourquoi c'est important aussi d'être transparent.""",Lau10_segment_9.txt
Lau10,Evolution et normalisation de l'utilisation de l'IA,Changement dans les mentalités,"""Je pense qu'il y a aussi... même si on l'utilise pas forcément pour des faits""",Lau10_segment_9.txt
Lau10,Evolution et normalisation de l'utilisation de l'IA,Adoption dans le milieu universitaire,"""Là, par exemple, j'ai vu qu'à la fin des textes il y avait des mentions l'IA a été utilisé pour pour résumer ou pour la partie n'importe quoi.""",Lau10_segment_9.txt
Lau10,Evolution et normalisation de l'utilisation de l'IA,Discussions autour de l'utilisation de l'IA,"""Et en même temps, c'est contradictoire ce que je vais dire, mais en même temps si on écrit un texte sur Google Docs ou sur Word, et qu'on le fait corriger grammaticalement.""",Lau10_segment_9.txt
Lau10,Evolution et normalisation de l'utilisation de l'IA,Intégration progressive,"""Il y a un sort de continuum entre justement dire que j'ai utilisé un synonyme... ou j'ai complètement reformulé tout ce texte avec l'IA""",Lau10_segment_9.txt
Lau10,Evolution et normalisation de l'utilisation de l'IA,Débat sur la définition de l'utilisation de l'IA,"""Quand est-ce qu'on dit qu'on a utilisé l'IA ou pas ?""",Lau10_segment_9.txt
Lau10,Evolution et normalisation de l'utilisation de l'IA,Evolution des pratiques journalistiques,"""Au niveau des médias et au niveau des produits et des contenus journalistiques que je peux produire dans le cadre de mon master""",Lau10_segment_9.txt
Lau10,Evolution et normalisation de l'utilisation de l'IA,Conscience des implications,"""Toutes les intelligences artificielles sont basées sur un modèle humain qui comporte des biais""",Lau10_segment_9.txt
Lau10,Evolution et normalisation de l'utilisation de l'IA,Réflexion sur les limites,"""Est-ce que c'est... Pour trouver des synonymes, est-ce que c'est important de le noter ?""",Lau10_segment_9.txt
Lau10,Fiabilité et vérification des informations**,"""Méfiance envers la véracité des informations""","""Je me suis quand même toujours méfiée sur la véracité de ce qu'il raconte.""",Lau10_segment_3.txt
Lau10,Fiabilité et vérification des informations**,"""Vérification des informations""","""Le truc c'est que j'ai pas non plus des compétences, enfin on a tous des compétences, que ce soit historique ou pas, je ne suis pas non plus experte.""",Lau10_segment_3.txt
Lau10,Fiabilité et vérification des informations**,"""Limitations de la vérification""","""Pour moi, c'est plus difficile de faire confiance à Chat-GPT ou à Claude, à n'importe quelle intelligence artificielle, quand il faut se baser sur les réponses où je ne peux pas les vérifier.""",Lau10_segment_3.txt
Lau10,Fiabilité et vérification des informations**,"""Objectif de la tâche""","""Et j'ai l'impression que pour un titre, on s'en fiche si c'est vérifiable ou pas, le but c'est de cliquer et d’attirer le lecteur.""",Lau10_segment_3.txt
Lau10,Formation et Prise de Conscience,Importance d'un cours sur l'utilisation de l'IA,"""rendre un cours obligatoire sur l'utilisation, sur les enjeux, les biais""",Lau10_segment_11.txt
Lau10,Formation et Prise de Conscience,Utilité d'un cours facultatif sur l'IA,"""le cours que j'ai eu, c'était un cours facultatif""",Lau10_segment_11.txt
Lau10,Formation et Prise de Conscience,Prise de conscience des limites et des biais,"""être conscient des limites et des biais""",Lau10_segment_11.txt
Lau10,Formation et Prise de Conscience,Nécessité d'une formation sur l'IA,"""c'est quelque chose qui peut vraiment aider les pratiques""",Lau10_segment_11.txt
Lau10,Formation et Prise de Conscience,Curiosité pour l'apprentissage de l'IA,"""par curiosité, je dirais""",Lau10_segment_11.txt
Lau10,Formation et Prise de Conscience,Importance de la transparence dans la formation,"""expliquer comment est-ce que ces IA sont créées""",Lau10_segment_11.txt
Lau10,Formation et Prise de Conscience,Prise de conscience de l'impact de l'IA,"""être conscient de ce qu'il y a derrière""",Lau10_segment_11.txt
Lau10,Formation et Prise de Conscience,Éducation sur les enjeux de l'IA,"""rendre un cours obligatoire sur les enjeux""",Lau10_segment_11.txt
Lau10,Formation et Prise de Conscience,Utilisation consciente de l'IA après formation,"""utiliser presque consciemment l'IA""",Lau10_segment_11.txt
Lau10,Frustrations et limites de Chat GPT**,"""Frustration face aux réponses insatisfaisantes""","""je suis pas forcément frustrée, mais en tout cas, juste que je me rends compte qu'il faudrait que je passe du temps à lui expliquer tout""",Lau10_segment_7.txt
Lau10,Frustrations et limites de Chat GPT**,"""Nécessité de reformuler les demandes""","""je dois plusieurs fois préciser ma demande avant d'aboutir à une potentielle réponse qui me satisfait""",Lau10_segment_7.txt
Lau10,Frustrations et limites de Chat GPT**,"""Conscience de la nécessité de maîtriser les prompts""","""je sais que vraiment qu'il faut bien maîtriser ton prompt pour avoir une bonne réponse""",Lau10_segment_7.txt
Lau10,Frustrations et limites de Chat GPT**,"""Limitations dans la fourniture de faits""","""je ne l'utilise pas pour me donner des faits sur des éléments""",Lau10_segment_7.txt
Lau10,Frustrations et limites de Chat GPT**,"""Manque de confiance dans les réponses""","""je n'ai pas confiance""",Lau10_segment_7.txt
Lau10,Frustrations et limites de Chat GPT**,"""Préférence pour des sources humaines""","""je préfère demander au prof ou à mes collègues ou à mes amis de cours""",Lau10_segment_7.txt
Lau10,Frustrations et limites de Chat GPT**,"""Avantages de la discussion humaine""","""il y a... justement, l'avantage, c'est que je n'ai pas besoin de réexpliquer tout le concept ou le contexte""",Lau10_segment_7.txt
Lau10,Frustrations et limites de Chat GPT**,"""Évaluation des limites de Chat GPT""","""c'est pas comme si je savais pas que vraiment qu'il faut bien maîtriser ton prompt pour avoir une bonne réponse""",Lau10_segment_7.txt
Lau10,Frustrations et limites de Chat GPT**,"""Conscience des risques d'erreurs""","""je décide de ne pas l'utiliser pour... je sais pas, me donner des noms d'associations ou des noms de personnes""",Lau10_segment_7.txt
Lau10,Frustrations et limites de Chat GPT**,"""Utilisation prudente de Chat GPT""","""je suis pas... Je suis pas convaincue ou satisfaite""",Lau10_segment_7.txt
Lau10,Impact de Chat GPT sur le stress et l'organisation**,"""Évaluation de l'impact sur le stress""","""il n'y a pas eu d'influence au final""",Lau10_segment_7.txt
Lau10,Impact de Chat GPT sur le stress et l'organisation**,"""Utilisation de Chat GPT pour la gestion du temps""","""peut-être que du coup, je développerais des prompts plus précis, justement pour gagner du temps de réflexion""",Lau10_segment_7.txt
Lau10,Impact de Chat GPT sur le stress et l'organisation**,"""Évaluation de l'utilité de Chat GPT pour l'organisation""","""je ne pense pas forcément que ça ait soulagé mon organisation ou ça a soulagé mon stress""",Lau10_segment_7.txt
Lau10,Impact de Chat GPT sur le stress et l'organisation**,"""Préférence pour une utilisation limitée pour la gestion du temps""","""je l'utilise plutôt dans un deuxième temps""",Lau10_segment_7.txt
Lau10,Impact de Chat GPT sur le stress et l'organisation**,"""Conscience des limites de Chat GPT pour la gestion du temps""","""je sais que ça peut être assez problématique ces réponses""",Lau10_segment_7.txt
Lau10,Impact de Chat GPT sur le stress et l'organisation**,"""Évaluation de l'impact sur la productivité""","""ça permet des fois d'avoir une bonne structure, des fois ça m'aide à structurer mes pensées""",Lau10_segment_7.txt
Lau10,Impact de Chat GPT sur le stress et l'organisation**,"""Préférence pour une utilisation ciblée pour la gestion du temps""","""je l'utilise plutôt pour... pour avoir une bonne structure""",Lau10_segment_7.txt
Lau10,Impact de Chat GPT sur le stress et l'organisation**,"""Conscience de l'importance de la gestion du temps""","""peut-être que du coup, je développerais des prompts plus précis, justement pour gagner du temps de réflexion""",Lau10_segment_7.txt
Lau10,Impact de Chat-GPT sur l'apprentissage et la rédaction,Perception de l'impact sur l'apprentissage,"""est-ce qu'on parle justement... De plus en plus, on parle dans les... En tout cas, moi, dans mon groupe de travail avant, on parlait justement de l'utilisation des IA dans le travail académique""",Lau10_segment_10.txt
Lau10,Impact de Chat-GPT sur l'apprentissage et la rédaction,Flemme réflexive,"""ça peut amener à une sorte de flemme réflexive""",Lau10_segment_10.txt
Lau10,Impact de Chat-GPT sur l'apprentissage et la rédaction,Utilisation de Chat-GPT pour la formulation,"""j'aime bien creuser des sujets, chercher... Alors oui, peut-être que j'ai la plume de chercher mille titres et que c'est plus facile de demander à Chat-GPT""",Lau10_segment_10.txt
Lau10,Impact de Chat-GPT sur l'apprentissage et la rédaction,Valeur ajoutée par l'utilisation de Chat-GPT,"""je considère pas que la valeur... Enfin, je suis pas sûre que trouver des titres, ça fait vraiment ce qui va me faire me démarquer""",Lau10_segment_10.txt
Lau10,Impact de Chat-GPT sur l'apprentissage et la rédaction,Différence entre utilisation personnelle et professionnelle,"""avec l'utilisation que j'en ai, c'est...""",Lau10_segment_10.txt
Lau10,Impact de Chat-GPT sur l'apprentissage et la rédaction,Hypothèse sur l'absence de Chat-GPT,"""si je n'avais pas Chat-GPT, en fait je ferais le même processus, c'est juste que je discuterais peut-être plus des sujets avec d'autres gens""",Lau10_segment_10.txt
Lau10,Impact de Chat-GPT sur l'apprentissage et la rédaction,Perception de l'outil comme un plus,"""je le vois vraiment comme un plus""",Lau10_segment_10.txt
Lau10,Impact de Chat-GPT sur l'apprentissage et la rédaction,Question sur la légitimité de l'utilisation,"""est-ce que tu dirais qu'il y a des situations, des travaux où l'usage de cette société est plus légitime que d'autres ?""",Lau10_segment_10.txt
Lau10,Impact de Chat-GPT sur l'apprentissage et la rédaction,Comparaison avec d'autres outils,"""par exemple si on utilise Dipple pour traduire, c'est peut-être plus légitime d'utiliser un traducteur dans ce sens-là""",Lau10_segment_10.txt
Lau10,Impact de Chat-GPT sur l'apprentissage et la rédaction,Perception de la légitimité selon l'utilisation,"""c'est plus comment est-ce qu'on l'utilise, est-ce que ça devient légitime ou pas, pourquoi on le fait en fait ?""",Lau10_segment_10.txt
Lau10,Impact de Chat-GPT sur le travail universitaire**,Utilisation de Chat-GPT pour structurer une analyse journalistique,"""C'est plus pratique de demander à Chat-GPT comment structurer une analyse journalistique.""",Lau10_segment_6.txt
Lau10,Impact de Chat-GPT sur le travail universitaire**,Impact positif sur le travail universitaire,"""Ça m'a impactée dans mon travail, je suis pas sûre que ça m'a vraiment impactée.""",Lau10_segment_6.txt
Lau10,Impact de Chat-GPT sur le travail universitaire**,Utilisation de Chat-GPT pour générer des idées,"""Ça me donne d'autres idées.""",Lau10_segment_6.txt
Lau10,Impact de Chat-GPT sur le travail universitaire**,Difficulté à évaluer la qualité du travail avec Chat-GPT,"""C'est difficile à dire parce qu'en vrai je ne sais pas trop quelle est la qualité de mon travail.""",Lau10_segment_6.txt
Lau10,Impact de Chat-GPT sur le travail universitaire**,Amélioration possible de la qualité du travail,"""Ouais, mais est-ce que d'avoir plus d'idées, mais des moins bonnes... Enfin, tu vois, je sais pas.""",Lau10_segment_6.txt
Lau10,Impact de Chat-GPT sur le travail universitaire**,Changement dans l'organisation du travail,"""Est-ce que tu t'organises différemment maintenant que tu as chat GPT ?""",Lau10_segment_6.txt
Lau10,Impact de Chat-GPT sur le travail universitaire**,Réduction du stress grâce à Chat-GPT,"""Tu stresses moins ?""",Lau10_segment_6.txt
Lau10,Impact de Chat-GPT sur le travail universitaire**,Utilisation de Chat-GPT pour des tâches de rédaction,"""Je l'utilise comme correcteur presque.""",Lau10_segment_6.txt
Lau10,Impact de Chat-GPT sur le travail universitaire**,Impact sur la créativité,"""Ça peut me faire aller plus vite, ça peut me donner plus d'idées...""",Lau10_segment_6.txt
Lau10,Impact de ChatGPT sur la créativité,Utilisation pour des idées,"""J'ai un sujet, donc c'est les sujets qui sont en général imposés.""",Lau10_segment_4.txt
Lau10,Impact de ChatGPT sur la créativité,Processus de réflexion,"""Je dois faire un reportage. Où est-ce que je commence ? Sûrement, je ne me rappelle plus exactement, mais j'ai sûrement déjà pris des notes, déjà réfléchi""",Lau10_segment_4.txt
Lau10,Impact de ChatGPT sur la créativité,Rôle de ChatGPT dans la créativité,"""Je pense que c'est pour ça que je n'ai pas un très très grand usage de ChatGPT, parce que je préfère avoir une idée d'abord moi.""",Lau10_segment_4.txt
Lau10,Impact de ChatGPT sur la créativité,Préservation de la créativité personnelle,"""Je trouve que c'est assez... C'est assez difficile de se dire que peut-être que je ne suis pas créative et que Chat-GPT est plus fort que moi.""",Lau10_segment_4.txt
Lau10,Impact de ChatGPT sur la créativité,Utilisation comme outil complémentaire,"""J'aime d'abord me dire que je peux avoir une bonne idée, je vais voir si Chat-GPT en a une autre""",Lau10_segment_4.txt
Lau10,Impact de ChatGPT sur la créativité,Évaluation de l'efficacité,"""J'étais pas très inspirée par ce thème des influenceurs.""",Lau10_segment_4.txt
Lau10,Impact de ChatGPT sur la créativité,Impact sur la créativité,"""Je pense que ça pourrait potentiellement m'ouvrir des nouvelles pistes et du coup stimuler ma curiosité et ma créativité.""",Lau10_segment_4.txt
Lau10,Impact de ChatGPT sur la créativité,Perception de la créativité de ChatGPT,"""Je trouve qu'il est pas vraiment très créatif.""",Lau10_segment_4.txt
Lau10,Impact de ChatGPT sur la créativité,Raisons de la non-créativité de ChatGPT,"""C'est juste des probabilités, donc ça me rassure encore sur le fait qu'effectivement, c'est juste des choses qui ont déjà été faites""",Lau10_segment_4.txt
Lau10,Impact de ChatGPT sur la créativité,Utilisation pour renforcer la créativité,"""Ça peut renforcer ma créativité, dans le sens où bah voilà je suis coincée dans une idée de sujet""",Lau10_segment_4.txt
Lau10,Impact de ChatGPT sur la réussite académique et les compétences personnelles,Perception de l'avantage procuré par ChatGPT par rapport aux autres étudiants,"""Non, parce que je pense que tout le monde utilise ChatGPT.""",Lau10_segment_8.txt
Lau10,Impact de ChatGPT sur la réussite académique et les compétences personnelles,Transparence des professeurs concernant l'utilisation de ChatGPT,"""Les deux profs de cette année mais aussi de l'année dernière, ils sont eux-mêmes et elles-mêmes transparents, sur leur utilisation.""",Lau10_segment_8.txt
Lau10,Impact de ChatGPT sur la réussite académique et les compétences personnelles,Normalisation de l'utilisation de ChatGPT,"""Bah ça nous permet de se dire en fait tout le monde l'utilise, c'est pas trop grave.""",Lau10_segment_8.txt
Lau10,Impact de ChatGPT sur la réussite académique et les compétences personnelles,Perception de ChatGPT comme un outil et non une source de pouvoir,"""C'est vraiment une aide.""",Lau10_segment_8.txt
Lau10,Impact de ChatGPT sur la réussite académique et les compétences personnelles,Discussion autour de ChatGPT entre les étudiants,"""On parle pas de notre rapport, mais on dit par exemple « Ah oui, moi aussi je galère à trouver un titre, viens on demande à ChatGPT ».""",Lau10_segment_8.txt
Lau10,Impact de ChatGPT sur la réussite académique et les compétences personnelles,Acceptation générale de ChatGPT,"""J'ai pas l'impression qu'aujourd'hui, il y a des gens qui n'utilisent pas.""",Lau10_segment_8.txt
Lau10,Impact de ChatGPT sur la réussite académique et les compétences personnelles,Curiosité envers la technologie,"""On est aussi un peu tous curieux de comprendre.""",Lau10_segment_8.txt
Lau10,Impact de ChatGPT sur la réussite académique et les compétences personnelles,Perception de l'utilité de ChatGPT dans le domaine du journalisme,"""Ça peut être vachement utile pour le journalisme et même pour d'autres types de métiers.""",Lau10_segment_8.txt
Lau10,Impact de ChatGPT sur la réussite académique et les compétences personnelles,Attitude face à la technologie,"""On a un peu aussi été un peu baigné dans tout ça quoi.""",Lau10_segment_8.txt
Lau10,Impact de ChatGPT sur la réussite académique et les compétences personnelles,Génération et technologie,"""Ouais, on a grandi avec la technologie.""",Lau10_segment_8.txt
Lau10,Impact de l'IA sur l'Apprentissage,Potentiel de l'IA à révolutionner les techniques d'apprentissage,"""ça peut révolutionner les techniques d'apprentissage""",Lau10_segment_11.txt
Lau10,Impact de l'IA sur l'Apprentissage,Utilisation de l'IA comme un outil,"""c'est un outil""",Lau10_segment_11.txt
Lau10,Impact de l'IA sur l'Apprentissage,Nécessité de comprendre les limites de l'IA dans l'apprentissage,"""il faut juste savoir quelles sont les limites""",Lau10_segment_11.txt
Lau10,Impact de l'IA sur l'Apprentissage,Thématisation de l'utilisation de l'IA,"""thématiser, ça peut peut-être même inciter à utiliser l'IA""",Lau10_segment_11.txt
Lau10,Impact de l'IA sur l'Apprentissage,Encadrement des générations futures,"""encadrer les générations... et des générations futures aussi""",Lau10_segment_11.txt
Lau10,Impact de l'IA sur l'Apprentissage,Utilisation de l'IA pour écrire une dissertation,"""tous les jeunes vont l'utiliser pour au moins une fois écrire une dissertation""",Lau10_segment_11.txt
Lau10,Impact de l'IA sur l'Apprentissage,Discussion autour de l'utilisation de l'IA,"""on se met autour de la table, on discute""",Lau10_segment_11.txt
Lau10,Impact de l'IA sur l'Apprentissage,Conscience des incohérences dans les réponses de l'IA,"""est-ce que vous vous êtes rendu compte qu'il y avait des incohérences ?""",Lau10_segment_11.txt
Lau10,Impact de l'IA sur l'Apprentissage,Éducation sur l'utilisation et les enjeux de l'IA,"""rendre un cours obligatoire sur l'utilisation, sur les enjeux, les biais""",Lau10_segment_11.txt
Lau10,Impact de l'IA sur l'Apprentissage,Apprentissage sur la construction de l'IA,"""j'ai beaucoup plus appris sur la manière dont c'est construit""",Lau10_segment_11.txt
Lau10,Impact de l'IA sur les pratiques académiques et professionnelles,Utilisation de l'IA pour le travail académique,"""Quand je dois faire un sujet de mémoire, je regarde ce qui a déjà été fait dans les podcasts et les éléments comme ça""",Lau10_segment_9.txt
Lau10,Impact de l'IA sur les pratiques académiques et professionnelles,Aide à la recherche,"""Au lieu de devoir écouter 100 heures de podcast, je les mets dans le Notebook LM et je peux juste retirer les trois citations importantes""",Lau10_segment_9.txt
Lau10,Impact de l'IA sur les pratiques académiques et professionnelles,Gain de productivité,"""C'est un gain de temps monstrueux et que je me rends compte que je lis plus rapidement que ce que j'écoute.""",Lau10_segment_9.txt
Lau10,Impact de l'IA sur les pratiques académiques et professionnelles,Utilisation de l'IA pour la formulation de problématiques,"""J'ai noté que j'avais utilisé l'IA pour m'aider pour formuler une première problématique pour mon mémoire.""",Lau10_segment_9.txt
Lau10,Impact de l'IA sur les pratiques académiques et professionnelles,Transparence sur l'utilisation de l'IA,"""Je me suis dit, pour plus de transparence, parce que je pense qu'il y a aussi... même si on l'utilise pas forcément pour des faits""",Lau10_segment_9.txt
Lau10,Impact de l'IA sur les pratiques académiques et professionnelles,Perception de l'IA comme une aide,"""Donc vraiment outil d'aide.""",Lau10_segment_9.txt
Lau10,Impact de l'IA sur les pratiques académiques et professionnelles,Réticence face à la dépendance,"""Peut-être que je suis dépendante de cette facilité entre guillemets.""",Lau10_segment_9.txt
Lau10,Impact de l'IA sur les pratiques académiques et professionnelles,Utilisation de l'IA dans le cadre professionnel,"""La RTS a créé un logiciel qui utilise ChatGPT, ils ont des promptes pour les titres et les articles et un truc de retranscription""",Lau10_segment_9.txt
Lau10,Impact de l'IA sur les pratiques académiques et professionnelles,Gain de temps,"""C'est un gain de temps.""",Lau10_segment_9.txt
Lau10,Impact de l'IA sur les pratiques académiques et professionnelles,Continuité entre usage personnel et professionnel,"""Que ce soit dans l'usage privé, académique ou professionnel.""",Lau10_segment_9.txt
Lau10,Interaction avec Chat-GPT,Formulation des questions,"""Je pense que je savais pas non plus qu'il fallait que je sois... assez précise.""",Lau10_segment_5.txt
Lau10,Interaction avec Chat-GPT,Longueur des discussions,"""Je ne fais pas des discussions longues.""",Lau10_segment_5.txt
Lau10,Interaction avec Chat-GPT,Utilisation comme outil de brainstorming,"""C'est plus, OK, j'ai ces idées, pas comme une sorte de brainstorming.""",Lau10_segment_5.txt
Lau10,Interaction avec Chat-GPT,Comparaison avec d'autres outils,"""Je pense que je peux avoir des réponses plus claires que Google.""",Lau10_segment_5.txt
Lau10,Interaction avec Chat-GPT,Politesse dans l'interaction,"""Là, j'ai dit merci.""",Lau10_segment_5.txt
Lau10,Interaction avec Chat-GPT,Fréquence d'utilisation,"""Je l'utilise un peu comme un compagnon de discussion.""",Lau10_segment_5.txt
Lau10,Interaction avec Chat-GPT,Contexte d'utilisation,"""Dans le master, on a aussi des travaux à rendre.""",Lau10_segment_5.txt
Lau10,Interaction avec Chat-GPT,Type de questions posées,"""Des questions de grammaire, des questions synonymes.""",Lau10_segment_5.txt
Lau10,Interaction avec Chat-GPT,Satisfaction par rapport aux réponses,"""Ça dépend.""",Lau10_segment_5.txt
Lau10,Interaction avec Chat-GPT,Attentes par rapport à Chat-GPT,"""Je m'appuie pas ou très peu en tout cas.""",Lau10_segment_5.txt
Lau10,Interaction avec ChatGPT et formulation des demandes,Satisfaction de l'interaction avec ChatGPT,"""Je suis OK avec le fait d'avoir une phrase, une question très large. Et donc une réponse très large.""",Lau10_segment_8.txt
Lau10,Interaction avec ChatGPT et formulation des demandes,Formulation des questions,"""Je crois que j'ai pas envie de faire l'effort de faire des grandes questions.""",Lau10_segment_8.txt
Lau10,Interaction avec ChatGPT et formulation des demandes,Raisons derrière la formulation des questions,"""Je pense plutôt par flemme.""",Lau10_segment_8.txt
Lau10,Interaction avec ChatGPT et formulation des demandes,Type de questions posées à ChatGPT,"""C'est des trucs très précis.""",Lau10_segment_8.txt
Lau10,Interaction avec ChatGPT et formulation des demandes,Impact de la réponse de ChatGPT sur la réflexion,"""Des fois, oui, puisque si tu demandes justement de trouver des idées, peut-être pas modifiées, mais en tout cas élargi ma vision du sujet ou sous quel angle je peux l'aborder.""",Lau10_segment_8.txt
Lau10,Interaction avec ChatGPT et formulation des demandes,Fiabilité des réponses de ChatGPT,"""Donc s'il me donne pas la bonne réponse, c'est pas trop grave.""",Lau10_segment_8.txt
Lau10,Interaction avec ChatGPT et formulation des demandes,Évaluation de l'interaction avec ChatGPT,"""Voilà, c'est ce qu'on a dit, c'est une cata. Mais je le sais, en fait, je ne suis pas très satisfaite, mais je sais pourquoi je ne suis pas satisfaite.""",Lau10_segment_8.txt
Lau10,Interaction avec ChatGPT et formulation des demandes,Effet sur la pensée critique,"""Mais il y a quand même... En fait, lui, il m'a pas fait des critiques, mais le fait qu'il me propose cinq éléments, je me dis, ah oui, en fait...""",Lau10_segment_8.txt
Lau10,Interaction avec ChatGPT et formulation des demandes,Perception de l'utilité de ChatGPT,"""C'est vraiment une aide.""",Lau10_segment_8.txt
Lau10,Interaction avec ChatGPT et formulation des demandes,Conscience de la superficialité de l'interaction,"""Oui, c'est assez en surface.""",Lau10_segment_8.txt
Lau10,Limites et difficultés avec Chat-GPT**,Difficulté à déterminer l'impact de Chat-GPT sur la qualité du travail,"""Ouais, mais est-ce que d'avoir plus d'idées, mais des moins bonnes... Enfin, tu vois, je sais pas.""",Lau10_segment_6.txt
Lau10,Limites et difficultés avec Chat-GPT**,Limite dans la capacité de Chat-GPT à fournir des réponses précises,"""Oui, et puis là, on voit que les réponses sont quand même assez générales, quoi.""",Lau10_segment_6.txt
Lau10,Limites et difficultés avec Chat-GPT**,Nécessité de réfléchir avant d'utiliser Chat-GPT,"""Oui voilà, je l'utilise tout le temps en deuxième recours après avoir réfléchi.""",Lau10_segment_6.txt
Lau10,Limites et difficultés avec Chat-GPT**,Difficulté à utiliser Chat-GPT pour des tâches complexes,"""Je crois que ça m'arrive jamais, en plus.""",Lau10_segment_6.txt
Lau10,Limites et difficultés avec Chat-GPT**,Limite dans la capacité de Chat-GPT à comprendre le contexte,"""C'est difficile de revenir sur une situation comme ça, mais voilà.""",Lau10_segment_6.txt
Lau10,Limites et difficultés avec Chat-GPT**,Difficulté à déterminer la fiabilité de Chat-GPT,"""Je suis même pas sûre de... Enfin...Je sais pas si je le vouvoie ou le tutoie, moi.""",Lau10_segment_6.txt
Lau10,Limites et difficultés avec Chat-GPT**,Limite dans la capacité de Chat-GPT à fournir des réponses personnalisées,"""Oui, et puis là, on voit que les réponses sont quand même assez générales, quoi.""",Lau10_segment_6.txt
Lau10,Limites et difficultés avec Chat-GPT**,Nécessité de vérifier les réponses de Chat-GPT,"""Enquête et fact-checking, ça c'est toujours en lien avec... Je sais pas si tu te rappelles.""",Lau10_segment_6.txt
Lau10,Limites et difficultés avec Chat-GPT**,Difficulté à utiliser Chat-GPT de manière efficace,"""C'est difficile à dire parce qu'en vrai je ne sais pas trop quelle est la qualité de mon travail.""",Lau10_segment_6.txt
Lau10,Légitimité et limites de l'utilisation de Chat-GPT,Question sur la légitimité,"""est-ce que tu dirais qu'il y a des situations, des travaux où l'usage de cette société est plus légitime que d'autres ?""",Lau10_segment_10.txt
Lau10,Légitimité et limites de l'utilisation de Chat-GPT,Perception de la légitimité selon l'outil,"""un outil reste un outil, donc c'est plus comment est-ce qu'on l'utilise""",Lau10_segment_10.txt
Lau10,Légitimité et limites de l'utilisation de Chat-GPT,Exemple d'utilisation légitime,"""pour moi, c'est pas illégitime d'utiliser le Chat-GPT si on n'a pas d'idée, au contraire""",Lau10_segment_10.txt
Lau10,Légitimité et limites de l'utilisation de Chat-GPT,Limite de l'utilisation,"""jusqu'à où tu peux pousser le recours à chat GPT ?""",Lau10_segment_10.txt
Lau10,Légitimité et limites de l'utilisation de Chat-GPT,Responsabilité de l'utilisateur dans l'utilisation,"""il faut juste pas l'utiliser pas juste, je sais pas, faire un texte, le lire en diagonale et le publier""",Lau10_segment_10.txt
Lau10,Légitimité et limites de l'utilisation de Chat-GPT,Vérification des informations,"""c'est la responsabilité de chaque personne de... ben voilà, de vérifier les informations, de vérifier l'orthographe aussi""",Lau10_segment_10.txt
Lau10,Légitimité et limites de l'utilisation de Chat-GPT,Différence de perception selon l'utilisation,"""je pense que je dis ça parce que je l'utilise, mais si quelqu'un ne l'utilise pas du tout, on dira mais l'utiliser pour... Même les synonymes c'est trop déjà""",Lau10_segment_10.txt
Lau10,Légitimité et limites de l'utilisation de Chat-GPT,Cas spécifique de l'utilisation pour la création,"""là je parle du texte, mais je me dis peut-être que c'est plus illégitime au niveau des images""",Lau10_segment_10.txt
Lau10,Légitimité et limites de l'utilisation de Chat-GPT,Perception de l'illégitimité dans la création,"""je ne sais pas, moi je suis écrivaine, je veux faire un livre et je demande à Chat-GPT et il me fait mon livre, mes chapitres""",Lau10_segment_10.txt
Lau10,Légitimité et limites de l'utilisation de Chat-GPT,Curseur personnel pour la légitimité,"""c'est une question de curseur, parce que finalement c'est très personnel de dire que c'est illégitime ou pas""",Lau10_segment_10.txt
Lau10,Omniprésence de la technologie,Dépendance au téléphone,"""j'arrive pas à reprendre un réveil basique, c'est pour diminuer l'utilisation du téléphone.""",Lau10_segment_2.txt
Lau10,Omniprésence de la technologie,Intérêt pour la technologie,"""j'ai quand même une certaine curiosité par rapport à la technologie.""",Lau10_segment_2.txt
Lau10,Omniprésence de la technologie,Fascination pour la technologie,"""je trouve ça assez fascinant.""",Lau10_segment_2.txt
Lau10,Omniprésence de la technologie,Crainte face à la technologie,"""des fois ça peut faire un peu peur parce que ça nous dépasse.""",Lau10_segment_2.txt
Lau10,Omniprésence de la technologie,Manque de compréhension,"""j'avoue que je comprends pas trop.""",Lau10_segment_2.txt
Lau10,Omniprésence de la technologie,Impact sur la vie quotidienne,"""je pense que c'est quand même une grande partie de ma vie.""",Lau10_segment_2.txt
Lau10,Omniprésence de la technologie,Difficulté à se défaire de la technologie,"""j'ai essayé de reprendre un réveil basique, mais j'arrive pas.""",Lau10_segment_2.txt
Lau10,Omniprésence de la technologie,Curiosité face aux potentialités,"""il y a quand même une curiosité par rapport à la technologie.""",Lau10_segment_2.txt
Lau10,Omniprésence de la technologie,Équilibre entre fascination et crainte,"""c'est fascinant, mais ça peut faire un peu peur.""",Lau10_segment_2.txt
Lau10,Omniprésence de la technologie,Reconnaissance de l'importance,"""ça fait partie de ma vie.""",Lau10_segment_2.txt
Lau10,Origine de la curiosité pour la technologie,Influence des études,"""je me rappelle de cours en bachelor qu'on a eus et qui m'ont intéressée.""",Lau10_segment_2.txt
Lau10,Origine de la curiosité pour la technologie,Influence personnelle,"""je dirais que ça vient de moi, je pense.""",Lau10_segment_2.txt
Lau10,Origine de la curiosité pour la technologie,Impact des cours sur l'intérêt,"""ça m'a intéressée.""",Lau10_segment_2.txt
Lau10,Origine de la curiosité pour la technologie,Contexte professionnel,"""dans le journalisme, c'est des questions au niveau des pratiques journalistiques qu'on se pose.""",Lau10_segment_2.txt
Lau10,Origine de la curiosité pour la technologie,Éthique et technologie,"""au niveau de l'éthique, donc forcément que je dois faire plus attention.""",Lau10_segment_2.txt
Lau10,Origine de la curiosité pour la technologie,Curiosité accrue par les études,"""ça rajoute de la curiosité, je sais pas si ça peut se dire comme ça.""",Lau10_segment_2.txt
Lau10,Origine de la curiosité pour la technologie,Formation continue,"""ils ont créé un nouveau cours sur l'utilisation de l'intelligence artificielle.""",Lau10_segment_2.txt
Lau10,Origine de la curiosité pour la technologie,Évolution technologique,"""c'est difficile de faire cours quand c'est... en tout cas de Chat-GPT, c'est quand même assez récent.""",Lau10_segment_2.txt
Lau10,Origine de la curiosité pour la technologie,Nécessité d'un certain recul,"""il y a besoin d'avoir un certain recul au niveau des profs.""",Lau10_segment_2.txt
Lau10,Origine de la curiosité pour la technologie,Adaptation à l'évolution technologique,"""pour nous expliquer qu'est-ce qui est bien ou moins bien.""",Lau10_segment_2.txt
Lau10,Perception de Chat-GPT**,Perception de Chat-GPT comme une machine,"""Pour moi c'est pas... Mais c'est bizarre, enfin je saurais pas expliquer pourquoi là j'ai dit merci.""",Lau10_segment_6.txt
Lau10,Perception de Chat-GPT**,Utilisation de Chat-GPT comme un outil,"""C'est un outil en plus.""",Lau10_segment_6.txt
Lau10,Perception de Chat-GPT**,Absence de relation humaine avec Chat-GPT,"""Je ne vois pas du tout ça comme une relation humaine.""",Lau10_segment_6.txt
Lau10,Perception de Chat-GPT**,Utilisation occasionnelle de la politesse avec Chat-GPT,"""Mais dirais que c'est plutôt occasionnel l'utilisation de la politesse.""",Lau10_segment_6.txt
Lau10,Perception de Chat-GPT**,Dépendance au contexte pour le vouvoiement ou le tutoiement,"""Ça dépend des chats, des discussions.""",Lau10_segment_6.txt
Lau10,Perception de Chat-GPT**,Non prise en compte de la personnalité de Chat-GPT,"""Je suis même pas sûre de... Enfin...Je sais pas si je le vouvoie ou le tutoie, moi.""",Lau10_segment_6.txt
Lau10,Perception de Chat-GPT**,Utilisation de Chat-GPT pour des tâches spécifiques,"""Je l'utilise comme correcteur presque.""",Lau10_segment_6.txt
Lau10,Perception de Chat-GPT**,Perception de Chat-GPT comme un support,"""C'est un support, donc ça m'a impactée dans mon travail.""",Lau10_segment_6.txt
Lau10,Perception de Chat-GPT**,Gain de temps grâce à Chat-GPT,"""Ça me fait gagner du temps.""",Lau10_segment_6.txt
Lau10,Perception de Chat-GPT**,Utilisation de Chat-GPT en deuxième recours,"""Oui voilà, je l'utilise tout le temps en deuxième recours après avoir réfléchi.""",Lau10_segment_6.txt
Lau10,Perception de ChatGPT,Perception comme outil,"""Je le prends un peu plus comme ça. Donc en général, c'est soit quand j'ai vraiment aucune idée""",Lau10_segment_4.txt
Lau10,Perception de ChatGPT,Utilisation pour discuter,"""C'est comme si je discutais avec quelqu'un.""",Lau10_segment_4.txt
Lau10,Perception de ChatGPT,Comparaison avec une conversation humaine,"""Si je suis à un café et que je discute avec une amie ou j'en parle à ma famille, ça m'ouvre des nouvelles idées.""",Lau10_segment_4.txt
Lau10,Perception de ChatGPT,Utilisation en cas d'impasse,"""Je me dis ok je vais aller voir ce que ChatGPT pourrait me proposer.""",Lau10_segment_4.txt
Lau10,Perception de ChatGPT,Perception de la créativité par ChatGPT,"""J'avoue que c'est assez… C'est une bonne question.""",Lau10_segment_4.txt
Lau10,Perception de ChatGPT,Évaluation de la capacité créative,"""Je trouve qu'il est pas vraiment très créatif.""",Lau10_segment_4.txt
Lau10,Perception de ChatGPT,Impact sur la créativité personnelle,"""Ça pourrait potentiellement m'ouvrir des nouvelles pistes""",Lau10_segment_4.txt
Lau10,Perception de ChatGPT,Perception de la menace,"""J'ai pas peur qu'il me remplace.""",Lau10_segment_4.txt
Lau10,Perception de ChatGPT,Raisons de la non-menace,"""C'est juste des choses qui ont déjà été faites, presque.""",Lau10_segment_4.txt
Lau10,Perception de ChatGPT,Utilisation comme stimulus,"""Ça peut renforcer ma créativité""",Lau10_segment_4.txt
Lau10,Perception de l'Intelligence Artificielle (IA),Perception positive de l'IA,"""Non, mais en même temps c'est quand même vachement utile.""",Lau10_segment_9.txt
Lau10,Perception de l'Intelligence Artificielle (IA),Utilité de l'IA dans les tâches académiques,"""C'est vraiment, c'est un plus quoi. Moi je le vois vraiment comme un outil pratique.""",Lau10_segment_9.txt
Lau10,Perception de l'Intelligence Artificielle (IA),Facilité apportée par l'IA,"""Je pense qu'il y a aussi une facilité d'utiliser chat-GPT.""",Lau10_segment_9.txt
Lau10,Perception de l'Intelligence Artificielle (IA),Dépendance potentielle à l'IA,"""Peut-être en vrai, je suis peut-être un peu dépendante, oui, puisque c'est plus facile de demander à Chat-GPT que d'écrire un mail ou d'aller voir des profs.""",Lau10_segment_9.txt
Lau10,Perception de l'Intelligence Artificielle (IA),Perception de l'IA comme un outil,"""Moi je le vois vraiment comme un outil pratique.""",Lau10_segment_9.txt
Lau10,Perception de l'Intelligence Artificielle (IA),Gain de temps grâce à l'IA,"""C'est un gain de temps monstrueux""",Lau10_segment_9.txt
Lau10,Perception de l'Intelligence Artificielle (IA),Utilisation de l'IA pour la retranscription,"""j'ai quand même commencé de plus en plus à l'utiliser pour la retranscription de sujets.""",Lau10_segment_9.txt
Lau10,Perception de l'Intelligence Artificielle (IA),Utilisation variée de l'IA,"""Que ce soit dans l'usage privé, académique ou professionnel.""",Lau10_segment_9.txt
Lau10,Perception de l'Intelligence Artificielle (IA),Utilité dans différents contextes,"""Oui, mais aussi pour le professionnel, parce que là, par exemple, quand je dois faire un sujet de mémoire""",Lau10_segment_9.txt
Lau10,Perception de l'Intelligence Artificielle (IA),Acceptation de l'IA dans le travail,"""Je pense que ça va pas être plus difficile. Enfin, ça peut être plus difficile, mais du coup, dans d'autres tâches""",Lau10_segment_9.txt
Lau10,Perception de l'efficacité,Évaluation de l'efficacité,"""Je suis quasiment sûre d'avoir une réponse plus précise que Google.""",Lau10_segment_5.txt
Lau10,Perception de l'efficacité,Impact sur le travail,"""Ça m'aide à réfléchir.""",Lau10_segment_5.txt
Lau10,Perception de l'efficacité,Satisfaction par rapport aux résultats,"""Je suis assez satisfaite et je comprends assez bien.""",Lau10_segment_5.txt
Lau10,Perception de l'efficacité,Limitations,"""Je ne suis pas époustouflée par ces réponses.""",Lau10_segment_5.txt
Lau10,Perception de l'efficacité,Utilisation dans différents contextes,"""Dans le cadre de rédaction d'articles ou de reportages en général.""",Lau10_segment_5.txt
Lau10,Perception de l'efficacité,Perception de la qualité,"""C'est difficile de dire oui ou non clairement, ça dépend.""",Lau10_segment_5.txt
Lau10,Perception de l'efficacité,Attentes,"""Je m'appuie pas ou très peu en tout cas.""",Lau10_segment_5.txt
Lau10,Perception de l'efficacité,Évolution de l'utilisation,"""Je ne vais pas développer plus pour la prochaine fois.""",Lau10_segment_5.txt
Lau10,Perception de l'efficacité,Bilan global,"""C'est un outil qui m'aide à réfléchir.""",Lau10_segment_5.txt
Lau10,Perception de l'encadrement universitaire sur l'utilisation de l'IA,Connaissance de la charte de l'université,"""le recteur a fait une charte de l'utilisation de l'intelligence artificielle.""",Lau10_segment_2.txt
Lau10,Perception de l'encadrement universitaire sur l'utilisation de l'IA,Importance de l'encadrement,"""c'est utile, justement, pour comment est-ce qu'on cite si on a utilisé l'IA ou Chat-GPT dans nos travaux.""",Lau10_segment_2.txt
Lau10,Perception de l'encadrement universitaire sur l'utilisation de l'IA,Actualité de la question,"""c'est assez nouveau, entre guillemets, pour les universités.""",Lau10_segment_2.txt
Lau10,Perception de l'encadrement universitaire sur l'utilisation de l'IA,Médiatisation de la charte,"""j'en ai entendu parler à l'RTS.""",Lau10_segment_2.txt
Lau10,Perception de l'encadrement universitaire sur l'utilisation de l'IA,Impact sur la perception de l'importance de l'IA,"""c'est que c'est quand même assez important et assez puissant.""",Lau10_segment_2.txt
Lau10,Perception de l'encadrement universitaire sur l'utilisation de l'IA,Utilité pour les étudiants,"""il y a plein de documentations sur le site de l'Uni aussi pour si on n'est pas habitué à utiliser l'IA.""",Lau10_segment_2.txt
Lau10,Perception de l'encadrement universitaire sur l'utilisation de l'IA,Contexte universitaire,"""dans le cadre des études universitaires.""",Lau10_segment_2.txt
Lau10,Perception de l'encadrement universitaire sur l'utilisation de l'IA,Positionnement de l'université,"""la population ou le monde académique attendait des universités de se positionner.""",Lau10_segment_2.txt
Lau10,Perception de l'encadrement universitaire sur l'utilisation de l'IA,Réglementation,"""c'est un peu de la réglementation des usages.""",Lau10_segment_2.txt
Lau10,Perception de l'encadrement universitaire sur l'utilisation de l'IA,Sensibilisation,"""ça m'intéresse parce que si on a... enfin... ouais, si l'université même prend des mesures pour encadrer.""",Lau10_segment_2.txt
Lau10,Perception de l'utilité de Chat-GPT,Satisfaction générale,"""J'étais satisfaite.""",Lau10_segment_5.txt
Lau10,Perception de l'utilité de Chat-GPT,Gain de temps,"""Je suis quasiment sûre d'avoir une réponse plus précise que Google, plus rapidement.""",Lau10_segment_5.txt
Lau10,Perception de l'utilité de Chat-GPT,Limitations perçues,"""Je ne suis pas très convaincue.""",Lau10_segment_5.txt
Lau10,Perception de l'utilité de Chat-GPT,Utilisation pour la rédaction,"""C'est dans le cadre de rédaction d'articles ou de reportages en général.""",Lau10_segment_5.txt
Lau10,Perception de l'utilité de Chat-GPT,Compréhension du contexte,"""Il peut m'expliquer dans ce contexte précis-là.""",Lau10_segment_5.txt
Lau10,Perception de l'utilité de Chat-GPT,Utilisation pour les définitions,"""Pour les définitions dans des contextes... je suis assez satisfaite et je comprends assez bien.""",Lau10_segment_5.txt
Lau10,Perception de l'utilité de Chat-GPT,Créativité et subjectivité,"""Pour un titre, je suis plutôt pas vraiment satisfaite, mais c'est parce que je suis en recherche aussi.""",Lau10_segment_5.txt
Lau10,Perception de l'utilité de Chat-GPT,Manque de développement,"""Je ne suis pas époustouflée par ces réponses.""",Lau10_segment_5.txt
Lau10,Perception de l'utilité de Chat-GPT,Aide à la réflexion,"""Ça m'aide à réfléchir.""",Lau10_segment_5.txt
Lau10,Perception de l'utilité de Chat-GPT,Usage spécifique,"""Typiquement, je pense que j'avais un cours de droit des médias et je comprenais pas ce que ça voulait dire.""",Lau10_segment_5.txt
Lau10,Perception de l'utilité de ChatGPT,Utilisation pour clarifier,"""Pas pour clarifier mais peut-être si je rentre d'une interview et que j'ai l'impression qu'il y a plusieurs thèmes qui se dégagent pour structurer.""",Lau10_segment_4.txt
Lau10,Perception de l'utilité de ChatGPT,Structuration de la pensée,"""J'ai plus l'impression que je peux l'utiliser potentiellement pour structurer.""",Lau10_segment_4.txt
Lau10,Perception de l'utilité de ChatGPT,Subjectivité de l'usage,"""Après, je sais que c'est hyper subjectif""",Lau10_segment_4.txt
Lau10,Perception de l'utilité de ChatGPT,Comparaison avec une conversation,"""Comme si je parlais à quelqu'un, quoi.""",Lau10_segment_4.txt
Lau10,Perception de l'utilité de ChatGPT,Fréquence d'utilisation pour clarifier,"""J'ai pas l'impression que j'utilise assez souvent pour clarifier des choses des profs.""",Lau10_segment_4.txt
Lau10,Perception de l'utilité de ChatGPT,Préférence pour une autre méthode,"""En général, si je comprends pas, je demande au prof.""",Lau10_segment_4.txt
Lau10,Perception de l'utilité de ChatGPT,Raisons de la non-utilisation,"""J'étais pas très attentive. Ou alors je pensais que c'était clair jusqu'à ce que je me pose devant ma feuille.""",Lau10_segment_4.txt
Lau10,Perception de l'utilité de ChatGPT,Utilisation contextuelle,"""C'est surtout qu'en général, si je comprends pas, je demande au prof.""",Lau10_segment_4.txt
Lau10,Perception de l'utilité de ChatGPT,Révision de la demande,"""À la fin je précise ma demande à chaque fois.""",Lau10_segment_4.txt
Lau10,Perception de l'utilité de ChatGPT,Évaluation de la réponse,"""Il me met des emojis et ça me... Je suis pas sûre que ça me convainc""",Lau10_segment_4.txt
Lau10,Perception de la créativité de Chat-GPT**,"""Je n'ai pas l'impression qu'ils sont plus ou moins créatifs""","""Non, je dirais que non. Je n'ai pas l'impression qu'ils sont plus ou moins créatifs.""",Lau10_segment_3.txt
Lau10,Perception de la créativité de Chat-GPT**,"""Chacun est différent""","""J'ai l'impression que chacun est différent.""",Lau10_segment_3.txt
Lau10,Perception de la créativité de Chat-GPT**,"""Réponses similaires""","""J'ai l'impression que les réponses de Chat-GPT sont un peu toujours les mêmes, que ce soit dans la structure ou dans les idées.""",Lau10_segment_3.txt
Lau10,Perception de la créativité de Chat-GPT**,"""Limitations de Chat-GPT""","""C'est peut-être aussi pour ça que je me suis tournée vers plutôt Claude.""",Lau10_segment_3.txt
Lau10,Perception de la créativité de Chat-GPT**,"""Différences entre Chat-GPT et Claude""","(non explicitement mentionné, mais sous-entendu)",Lau10_segment_3.txt
Lau10,Perception de la créativité et de l'aide apportée par l'IA,Aide à la créativité,"""L'utilisation de chat GPT peut me dire ok en fait mais si j'avais pas ça j'aurais pas eu l'idée""",Lau10_segment_9.txt
Lau10,Perception de la créativité et de l'aide apportée par l'IA,"Perception de l'IA comme un ""super pouvoir""","""C'est un super pouvoir quoi voilà j'ai un talent caché""",Lau10_segment_9.txt
Lau10,Perception de la créativité et de l'aide apportée par l'IA,Utilisation pour des idées,"""Pour formuler une problématique ou n'importe""",Lau10_segment_9.txt
Lau10,Perception de la créativité et de l'aide apportée par l'IA,Utilité pour aborder un sujet de manière originale,"""C'est des fois un peu difficile d'avoir d'autres idées de sujets, ou d'autres angles""",Lau10_segment_9.txt
Lau10,Perception de la créativité et de l'aide apportée par l'IA,Perception positive de l'aide apportée,"""Donc vraiment outil d'aide.""",Lau10_segment_9.txt
Lau10,Perception de la créativité et de l'aide apportée par l'IA,Complémentarité avec les capacités humaines,"""Je me dis assez rapidement que il y a un truc qui existe, autant l'utiliser.""",Lau10_segment_9.txt
Lau10,Perception de la créativité et de l'aide apportée par l'IA,Gain en originalité,"""Comment aborder le sujet de manière un peu originale""",Lau10_segment_9.txt
Lau10,Perception de la créativité et de l'aide apportée par l'IA,Sentiment d'imposture,"""Est-ce que des fois tu as un sentiment d'imposture avec des gros guillemets ?""",Lau10_segment_9.txt
Lau10,Perception de la créativité et de l'aide apportée par l'IA,Acceptation de l'aide,"""Oui, je pense en lien aussi avec ce qu'on disait avec la créativité""",Lau10_segment_9.txt
Lau10,Perception de la créativité et de l'aide apportée par l'IA,Utilisation comme un outil d'assistance,"""C'est un outil d'aide.""",Lau10_segment_9.txt
Lau10,Perception et Utilisation de l'IA,Perception positive de l'IA dans la formulation des mails,"""il le formule tellement mieux que moi""",Lau10_segment_11.txt
Lau10,Perception et Utilisation de l'IA,Perception négative due à un manque d'humanité,"""un manque d'humanité""",Lau10_segment_11.txt
Lau10,Perception et Utilisation de l'IA,Adaptation possible du langage et du style d'écriture,"""je pourrais adapter le langage, le style d'écriture""",Lau10_segment_11.txt
Lau10,Perception et Utilisation de l'IA,Perception de l'IA comme une révolution,"""c'est une révolution, que ça change des pratiques, mais au même titre qu'Internet""",Lau10_segment_11.txt
Lau10,Perception et Utilisation de l'IA,Incertitude sur l'évolution future de l'IA,"""je n'en sais rien""",Lau10_segment_11.txt
Lau10,Perception et Utilisation de l'IA,Importance de la transparence dans l'utilisation de l'IA,"""j'aimerais qu'il y ait beaucoup plus de transparence""",Lau10_segment_11.txt
Lau10,Perception et Utilisation de l'IA,Conscience des limites de l'IA,"""être conscient des limites""",Lau10_segment_11.txt
Lau10,Perception et Utilisation de l'IA,Utilisation future de l'IA par les élèves,"""je pense que ça va continuer d'évoluer, ça va se démocratiser""",Lau10_segment_11.txt
Lau10,Perception et Utilisation de l'IA,Nécessité d'une utilisation consciente de l'IA,"""utiliser presque consciemment l'IA""",Lau10_segment_11.txt
Lau10,Perception et Utilisation de l'IA,Évolution inévitable de l'IA,"""c'est presque inévitable que ça révolutionne... nos pratiques de manière générale""",Lau10_segment_11.txt
Lau10,Perception et utilisation de ChatGPT,Acceptation des définitions fournies par ChatGPT,"""Je l'accepte, en général, et je m'en satisfais.""",Lau10_segment_8.txt
Lau10,Perception et utilisation de ChatGPT,Besoin de comprendre les raisons derrière une définition,"""Moi j'ai besoin de comprendre pourquoi est-ce qu'une définition de palier à quelque chose...""",Lau10_segment_8.txt
Lau10,Perception et utilisation de ChatGPT,Utilisation de ChatGPT pour des tâches spécifiques,"""C'est des trucs très précis. Donc s'il me donne pas la bonne réponse, c'est pas trop grave.""",Lau10_segment_8.txt
Lau10,Perception et utilisation de ChatGPT,Satisfaction de l'utilisation de ChatGPT,"""Je suis OK avec le fait d'avoir une phrase, une question très large. Et donc une réponse très large.""",Lau10_segment_8.txt
Lau10,Perception et utilisation de ChatGPT,Élargissement de la vision du sujet grâce à ChatGPT,"""Des fois, oui, puisque si tu demandes justement de trouver des idées, peut-être pas modifiées, mais en tout cas élargi ma vision du sujet ou sous quel angle je peux l'aborder.""",Lau10_segment_8.txt
Lau10,Perception et utilisation de ChatGPT,Utilisation de ChatGPT comme aide et non comme une source autoritaire,"""C'est vraiment une aide et j'ai l'impression, je vais pas parler au nom des autres gens de ma classe, mais j'ai quand même l'impression qu'on l'utilise plus ou moins tous et toutes.""",Lau10_segment_8.txt
Lau10,Perception et utilisation de ChatGPT,Manque d'effort dans la formulation des questions à ChatGPT,"""Je crois que j'ai pas envie de faire l'effort de faire des grandes questions.""",Lau10_segment_8.txt
Lau10,Perception et utilisation de ChatGPT,Utilisation par flemme,"""Je pense plutôt par flemme.""",Lau10_segment_8.txt
Lau10,Perception et utilisation de ChatGPT,Impact sur la réflexion personnelle,"""Ça me permet de me dire, ah oui, en fait... il y a des formulations de phrases qui sont trop longues que je fais ou il y a franchement des titres c'est vraiment pas terrible quoi.""",Lau10_segment_8.txt
Lau10,Perception et utilisation de ChatGPT,Prise de conscience des limites de ChatGPT,"""Mais en même temps c'est ce que je lui demande de faire donc ça me paraît ok.""",Lau10_segment_8.txt
Lau10,Questions éthiques autour de l'utilisation de l'IA,Transparence sur l'utilisation de l'IA,"""Je pense qu'il faut être transparent.""",Lau10_segment_9.txt
Lau10,Questions éthiques autour de l'utilisation de l'IA,Problématique du plagiat,"""Ça soulève la question du plagiat.""",Lau10_segment_9.txt
Lau10,Questions éthiques autour de l'utilisation de l'IA,Limites de la transparence,"""Est-ce que c'est important de le noter ?""",Lau10_segment_9.txt
Lau10,Questions éthiques autour de l'utilisation de l'IA,Continuum entre aide et plagiat,"""Il y a un sort de continuum entre justement dire que j'ai utilisé un synonyme... ou j'ai complètement reformulé tout ce texte avec l'IA""",Lau10_segment_9.txt
Lau10,Questions éthiques autour de l'utilisation de l'IA,Biais des IA,"""Toutes les intelligences artificielles sont basées sur un modèle humain qui comporte des biais""",Lau10_segment_9.txt
Lau10,Questions éthiques autour de l'utilisation de l'IA,Perception de neutralité de l'IA,"""On peut se dire ah oui mais c'est une machine du coup c'est forcément plus neutre et en fait pas tant.""",Lau10_segment_9.txt
Lau10,Questions éthiques autour de l'utilisation de l'IA,Conséquences de la transparence,"""Ça peut continuer de renforcer cette méfiance du public ou des personnes qui lisent.""",Lau10_segment_9.txt
Lau10,Questions éthiques autour de l'utilisation de l'IA,Importance de la transparence pour la crédibilité,"""Je pense qu'il faut... Ça soulève un autre point""",Lau10_segment_9.txt
Lau10,Questions éthiques autour de l'utilisation de l'IA,Pratiques professionnelles et transparence,"""Autant pour la personne qui lit que pour les gens, parce qu'en fait, les gens vont se baser potentiellement sur ce travail.""",Lau10_segment_9.txt
Lau10,Questions éthiques autour de l'utilisation de l'IA,Evolution des pratiques,"""Non, mais je pense que de plus en plus, ça va être demandé aux élèves de noter ça.""",Lau10_segment_9.txt
Lau10,Rapport à la technologie**,Fréquence d'utilisation de la technologie,(à compléter car la réponse de SPEAKER_02 est coupée),Lau10_segment_1.txt
Lau10,Représentation de l'intelligence artificielle et de Chat-GPT**,Définition de l'intelligence artificielle,"""C'est une machine avec un algorithme qui, du coup, emmagasine plein d'informations et plein de... d'informations d'internet et qui est nourrie par des humains""",Lau10_segment_1.txt
Lau10,Représentation de l'intelligence artificielle et de Chat-GPT**,Perception de Chat-GPT,"""C'est la production de texte... La puissance, quand même, des réponses et de la production.""",Lau10_segment_1.txt
Lau10,Représentation de l'intelligence artificielle et de Chat-GPT**,Compréhension de l'algorithme,"""C'est basé sur les probabilités. Il analyse toutes les données qu'il reçoit et il te sort les réponses sur la probabilité.""",Lau10_segment_1.txt
Lau10,Représentation de l'intelligence artificielle et de Chat-GPT**,Comparaison entre différentes IA,"""J'utilise Claude, Gemini, Perplexity... Chacune a ses spécificités, comme Perplexity qui donne des sources.""",Lau10_segment_1.txt
Lau10,Représentation de l'intelligence artificielle et de Chat-GPT**,Évolution de la perception,"""Maintenant, ce n'est pas croissant, voire plutôt décroissant [dans mon utilisation].""",Lau10_segment_1.txt
Lau10,Représentation de l'intelligence artificielle et de Chat-GPT**,Utilité de l'IA,"""Ça peut être utile... Pour des recettes de cuisine ou des... voilà.""",Lau10_segment_1.txt
Lau10,Représentation de l'intelligence artificielle et de Chat-GPT**,Découverte de Chat-GPT,"""J'ai découvert ça parce que j'ai commencé à regarder la RTS, à voir que ça prenait beaucoup d'ampleur.""",Lau10_segment_1.txt
Lau10,Représentation de l'intelligence artificielle et de Chat-GPT**,Premières impressions,"""C'était juste pour tester, un peu comme Siri, en fait.""",Lau10_segment_1.txt
Lau10,Représentation de l'intelligence artificielle et de Chat-GPT**,Changement dans les habitudes,"""J'ai commencé à diversifier mes pratiques à partir de cette année, donc 2024.""",Lau10_segment_1.txt
Lau10,Représentation de l'intelligence artificielle et de Chat-GPT**,Préférence pour certaines IA,"""J'ai plus l'impression que Claude fait moins d'erreurs que Chat-GPT.""",Lau10_segment_1.txt
Lau10,Réglementation et Responsabilité,Nécessité d'une réglementation,"""c'est presque un devoir au niveau des chercheurs, des profs, de réglementer""",Lau10_segment_11.txt
Lau10,Réglementation et Responsabilité,Responsabilité individuelle et collective,"""la sorte de responsabilité individuelle et collective qu'on a quand on utilise Chat-GPT""",Lau10_segment_11.txt
Lau10,Réglementation et Responsabilité,Impact environnemental de l'IA,"""ça consomme énormément d'eau pour refroidir les machines et les serveurs""",Lau10_segment_11.txt
Lau10,Réglementation et Responsabilité,Prise de conscience de l'impact environnemental,"""si on se rend compte que c'est très demandeur et polluant""",Lau10_segment_11.txt
Lau10,Réglementation et Responsabilité,Réglementation future possible,"""ça sera peut-être plus réglementé""",Lau10_segment_11.txt
Lau10,Réglementation et Responsabilité,Difficulté à anticiper les futures réglementations,"""difficile à savoir""",Lau10_segment_11.txt
Lau10,Réglementation et Responsabilité,Équilibre entre réglementation et utilisation,"""faire les deux en même temps""",Lau10_segment_11.txt
Lau10,Réglementation et Responsabilité,Conscience de l'impact de l'IA,"""être ok avec le fait d'être dépassé""",Lau10_segment_11.txt
Lau10,Réglementation et Responsabilité,Discussion sur la responsabilité,"""on pourra de nouveau en discuter pendant un moment""",Lau10_segment_11.txt
Lau10,Réglementation et Responsabilité,Prise en compte de l'aspect écologique,"""ça n'a pas vraiment à voir, mais peut-être que ça peut aussi changer les pratiques""",Lau10_segment_11.txt
Lau10,Stratégie d'utilisation,Formulation des prompts,"""Je n'ai pas l'impression que ça va vraiment me servir pour l'usage que j'en ai.""",Lau10_segment_5.txt
Lau10,Stratégie d'utilisation,Évaluation de la qualité des réponses,"""4 réponses sur 5 ne vont pas me convenir.""",Lau10_segment_5.txt
Lau10,Stratégie d'utilisation,Gain de temps perçu,"""C'est plus rapide, quoi.""",Lau10_segment_5.txt
Lau10,Stratégie d'utilisation,Limites de l'outil,"""Ça montre un peu les limites et l'utilisation que j'en ai.""",Lau10_segment_5.txt
Lau10,Stratégie d'utilisation,Utilisation pour des tâches spécifiques,"""Des reformulations de phrases.""",Lau10_segment_5.txt
Lau10,Stratégie d'utilisation,Comparaison avec d'autres méthodes,"""Je vais chercher moi-même.""",Lau10_segment_5.txt
Lau10,Stratégie d'utilisation,Niveau de satisfaction,"""Je suis pas très convaincue.""",Lau10_segment_5.txt
Lau10,Stratégie d'utilisation,Développement personnel,"""Je peux quand même en vouloir, parce que j'ai pas assez développé ton prompt.""",Lau10_segment_5.txt
Lau10,Stratégie d'utilisation,Utilisation future,"""Non, je ne vais pas développer plus pour la prochaine fois.""",Lau10_segment_5.txt
Lau10,Stratégie d'utilisation,Perception de l'outil,"""C'est un outil qui m'aide à réfléchir.""",Lau10_segment_5.txt
Lau10,Transparence et responsabilité dans l'utilisation de Chat-GPT,Définition de la transparence,"""être transparent, ça veut tout et rien dire""",Lau10_segment_10.txt
Lau10,Transparence et responsabilité dans l'utilisation de Chat-GPT,Pratique de notation de l'utilisation de Chat-GPT,"""je l'ai fait la première fois avec justement le truc du mémoire""",Lau10_segment_10.txt
Lau10,Transparence et responsabilité dans l'utilisation de Chat-GPT,Responsabilité de l'utilisateur,"""on est quand même responsable""",Lau10_segment_10.txt
Lau10,Transparence et responsabilité dans l'utilisation de Chat-GPT,Limite subjective de transparence,"""c'est une limite subjective que tu t'es imposée ?""",Lau10_segment_10.txt
Lau10,Transparence et responsabilité dans l'utilisation de Chat-GPT,Variation de pratique selon le contexte,"""au niveau professionnel, quand je retranscris des audios ou des vidéos pour aller plus vite dans la rédaction de l'article, je le mets pas""",Lau10_segment_10.txt
Lau10,Transparence et responsabilité dans l'utilisation de Chat-GPT,Évolution de la pratique,"""je pense que je vais commencer à le faire parce qu'il faut être transparent""",Lau10_segment_10.txt
Lau10,Transparence et responsabilité dans l'utilisation de Chat-GPT,Perception de la transparence par les lecteurs,"""ça questionne la valeur de Chat-GPT, de l'utilisation""",Lau10_segment_10.txt
Lau10,Transparence et responsabilité dans l'utilisation de Chat-GPT,Chartes et règles pour l'utilisation de Chat-GPT,"""il y a des charts qui existent et qui disent... en tout cas dans les médias""",Lau10_segment_10.txt
Lau10,Transparence et responsabilité dans l'utilisation de Chat-GPT,Responsabilité de la publication,"""même s'ils ont utilisé lire. Donc je pense que ces charts de médias doivent être les mêmes pour l'académie que pour le professionnel""",Lau10_segment_10.txt
Lau10,Transparence et responsabilité dans l'utilisation de Chat-GPT,Signature et responsabilité,"""si on signe de son nom ou de son pseudo ou n'importe, on est quand même responsable""",Lau10_segment_10.txt
Lau10,Utilisation de Chat GPT dans les études**,""" Intégration de Chat GPT dans les études""","""j'ai toujours eu Chat GPT dans mes études""",Lau10_segment_7.txt
Lau10,Utilisation de Chat GPT dans les études**,"""Utilisation pour générer des idées""","""c'est quand même beaucoup pour avoir d'autres idées""",Lau10_segment_7.txt
Lau10,Utilisation de Chat GPT dans les études**,"""Différence d'utilisation entre bachelor et master""","""En bachelor, il y avait quand même moins... Là, en fait, ce que j'analyse de mes pratiques, c'est quand même beaucoup pour avoir d'autres idées""",Lau10_segment_7.txt
Lau10,Utilisation de Chat GPT dans les études**,"""Utilisation comme outil de soutien""","""c'est pas pour autant que je vais pas chercher à d'abord trouver des idées moi""",Lau10_segment_7.txt
Lau10,Utilisation de Chat GPT dans les études**,"""Évaluation de l'utilité de Chat GPT""","""je ne pense pas forcément que ça ait soulagé mon organisation ou ça a soulagé mon stress""",Lau10_segment_7.txt
Lau10,Utilisation de Chat GPT dans les études**,"""Développement de prompts précis""","""peut-être que du coup, je développerais des prompts plus précis, justement pour gagner du temps de réflexion""",Lau10_segment_7.txt
Lau10,Utilisation de Chat GPT dans les études**,"""Utilisation en dernier recours""","""c'est quand même vachement utile si tout d'un coup j'ai plus d'idées en dernier recours""",Lau10_segment_7.txt
Lau10,Utilisation de Chat GPT dans les études**,"""Préférence pour une utilisation limitée""","""je l'utilise plutôt dans un deuxième temps""",Lau10_segment_7.txt
Lau10,Utilisation de Chat GPT dans les études**,"""Conscience des limites de Chat GPT""","""je sais que ça peut être assez problématique ces réponses""",Lau10_segment_7.txt
Lau10,Utilisation de Chat GPT dans les études**,"""Évaluation de l'impact sur les études""","""il n'y a pas eu d'influence au final""",Lau10_segment_7.txt
Lau10,Utilisation de Chat GPT pour la structuration et la reformulation**,"""Utilisation pour structurer les pensées""","""ça permet des fois d'avoir une bonne structure, des fois ça m'aide à structurer mes pensées""",Lau10_segment_7.txt
Lau10,Utilisation de Chat GPT pour la structuration et la reformulation**,"""Utilisation pour reformuler des concepts""","""je lui demande de m'expliquer des concepts très précis""",Lau10_segment_7.txt
Lau10,Utilisation de Chat GPT pour la structuration et la reformulation**,"""Utilisation pour obtenir des définitions""","""je l'utilise peut-être pour demander des définitions""",Lau10_segment_7.txt
Lau10,Utilisation de Chat GPT pour la structuration et la reformulation**,"""Préférence pour des sources humaines pour les concepts complexes""","""je préfère demander au prof ou à mes collègues ou à mes amis de cours""",Lau10_segment_7.txt
Lau10,Utilisation de Chat GPT pour la structuration et la reformulation**,"""Évaluation de la qualité des réponses""","""je trouve que ça permet des fois d'avoir une bonne structure""",Lau10_segment_7.txt
Lau10,Utilisation de Chat GPT pour la structuration et la reformulation**,"""Utilisation pour la rédaction""","""comment est-ce que je vais formuler un article, un dossier pour un cours, un rapport""",Lau10_segment_7.txt
Lau10,Utilisation de Chat GPT pour la structuration et la reformulation**,"""Conscience des limites de Chat GPT pour les concepts complexes""","""c'est assez rare que je lui demande de m'expliquer des concepts très précis""",Lau10_segment_7.txt
Lau10,Utilisation de Chat GPT pour la structuration et la reformulation**,"""Utilisation de Chat GPT pour la créativité""","""ça m'aide à structurer mes pensées""",Lau10_segment_7.txt
Lau10,Utilisation de Chat GPT pour la structuration et la reformulation**,"""Évaluation de l'utilité de Chat GPT pour la rédaction""","""je dirais que j'en ai conscience, même avant de commencer à écrire mon prompt ou mon message""",Lau10_segment_7.txt
Lau10,Utilisation de Chat GPT pour la structuration et la reformulation**,"""Préférence pour une utilisation ciblée""","""je l'utilise plutôt pour... pour avoir une bonne structure""",Lau10_segment_7.txt
Lau10,Utilisation de Chat-GPT dans le cadre de tâches journalistiques**,"""Utilisation dans le cours d'IA""","""Justement dans le cours d'IA que j'ai, enfin oui, de comment est-ce qu'on utilise l'IA pour créer du contenu et des contenus journalistiques.""",Lau10_segment_3.txt
Lau10,Utilisation de Chat-GPT dans le cadre de tâches journalistiques**,"""Demander des formules à Chat-GPT""","""On nous a appris à demander à Chat-GPT ou à Claude des formules.""",Lau10_segment_3.txt
Lau10,Utilisation de Chat-GPT dans le cadre de tâches journalistiques**,"""Utilisation pour des tâches techniques""","""C'est plus pour combler des lacunes techniques que je pourrais avoir.""",Lau10_segment_3.txt
Lau10,Utilisation de Chat-GPT dans le cadre de tâches journalistiques**,"""Différence entre utilisation passée et actuelle""","""En fait, je ne savais pas qu'on pouvait faire ça. Je m’en doutais, mais je n'ai jamais utilisé pour faire ça.""",Lau10_segment_3.txt
Lau10,Utilisation de Chat-GPT et autres IA dans les études**,Fréquence d'utilisation,"""Au moins 3-4 fois par semaine.""",Lau10_segment_1.txt
Lau10,Utilisation de Chat-GPT et autres IA dans les études**,Type d'utilisation,"""C'est plus de la reformulation de titres, des synonymes.""",Lau10_segment_1.txt
Lau10,Utilisation de Chat-GPT et autres IA dans les études**,Variation de l'utilisation,"""Ça dépend un peu des tâches que j'ai à faire.""",Lau10_segment_1.txt
Lau10,Utilisation de Chat-GPT et autres IA dans les études**,Évolution de l'utilisation,"""Je dirais pas tous les jours, mais des fois, ça m'arrive de l'utiliser plus régulièrement.""",Lau10_segment_1.txt
Lau10,Utilisation de Chat-GPT et autres IA dans les études**,Raison de l'utilisation,"""Parce que je me rendais compte que ça pouvait être utile.""",Lau10_segment_1.txt
Lau10,Utilisation de Chat-GPT et autres IA dans les études**,Diversification des outils,"""J'utilise Claude, Gemini, Perplexity... selon les besoins.""",Lau10_segment_1.txt
Lau10,Utilisation de Chat-GPT et autres IA dans les études**,Choix de l'outil,"""C'est au cas par cas.""",Lau10_segment_1.txt
Lau10,Utilisation de Chat-GPT et autres IA dans les études**,Changement de préférence,"""Je dirais plutôt Claude, maintenant.""",Lau10_segment_1.txt
Lau10,Utilisation de Chat-GPT et autres IA dans les études**,Justification du choix,"""J'ai l'impression que Claude fait moins d'erreurs que Chat-GPT.""",Lau10_segment_1.txt
Lau10,Utilisation de Chat-GPT et autres IA dans les études**,Utilisation contextuelle,"""Quand Chat-GPT et Claude ne marchent pas, j’essaie avec les autres.""",Lau10_segment_1.txt
Lau10,Utilisation de Chat-GPT pour la reformulation et la génération d'idées**,"""Reformuler des phrases""","""Et sinon j'utilise aussi pour reformuler... Ouais, soit reformuler des phrases, que ce soit des titres, mais aussi juste des paragraphes ou des synonymes, des phrases, mais aussi des mots ou des synonymes.""",Lau10_segment_3.txt
Lau10,Utilisation de Chat-GPT pour la reformulation et la génération d'idées**,"""Génération d'idées""","""Je sais plus si je l'ai mis ici, mais d'avoir des... de formuler peut-être des idées nouvelles""",Lau10_segment_3.txt
Lau10,Utilisation de Chat-GPT pour la reformulation et la génération d'idées**,"""Élargir le champ d'idées""","""Et ça me permet de trouver d'autres idées ou d'élargir mon champ d'idées quoi.""",Lau10_segment_3.txt
Lau10,Utilisation de Chat-GPT pour la reformulation et la génération d'idées**,"""Satisfaction des propositions""","""C'est difficile à dire comme ça. Je pense que oui. Honnêtement, comme ça, je dirais oui.""",Lau10_segment_3.txt
Lau10,Utilisation de Chat-GPT pour la reformulation et la génération d'idées**,"""Adaptation des réponses""","""Mais peut-être que je ne vais pas prendre exactement le mot qu'il m'a donné, mais ça va me donner... S’il me donne un verbe, je vais peut-être penser à l'adjectif.""",Lau10_segment_3.txt
Lau10,Utilisation de Chat-GPT pour les titres d'articles,Utilisation pour la reformulation,"""je l'utilise pas mal quand je dois trouver des titres d'articles.""",Lau10_segment_2.txt
Lau10,Utilisation de Chat-GPT pour les titres d'articles,Limitations de Chat-GPT,"""en général, c'est pas terrible, les réponses.""",Lau10_segment_2.txt
Lau10,Utilisation de Chat-GPT pour les titres d'articles,Diversification des réponses avec d'autres IA,"""j'utilise plutôt d'autres IA comme Claude, où j'ai l'impression que les réponses sont plus diversifiées.""",Lau10_segment_2.txt
Lau10,Utilisation de Chat-GPT pour les titres d'articles,Utilisation pour générer des idées,"""c'est une sorte de reformulation, mais voilà.""",Lau10_segment_2.txt
Lau10,Utilisation de Chat-GPT pour les titres d'articles,Insatisfaction face aux réponses,"""c'était souvent 2-3 mots-clés, 2 points et la suite de la phrase.""",Lau10_segment_2.txt
Lau10,Utilisation de Chat-GPT pour les titres d'articles,Adaptation des réponses,"""je fais du mix.""",Lau10_segment_2.txt
Lau10,Utilisation de Chat-GPT pour les titres d'articles,Utilisation pour les angles d'articles,"""je l'utilise aussi pour avoir des idées d'angles.""",Lau10_segment_2.txt
Lau10,Utilisation de Chat-GPT pour les titres d'articles,Satisfaction variable,"""des fois, il y a des bons angles, des fois, il y a des choses que j'ai pas pensées.""",Lau10_segment_2.txt
Lau10,Utilisation de Chat-GPT pour les titres d'articles,Comparaison avec d'autres outils,"""j'ai l'impression que les réponses sont plus diversifiées avec Claude.""",Lau10_segment_2.txt
Lau10,Utilisation de Chat-GPT pour les titres d'articles,Utilisation nuancée,"""ça dépend des cas.""",Lau10_segment_2.txt
Lau10,Utilisation de Chat-GPT**,Absence de développement de prompts complexes,"""Non, je ne développe pas trop mes prompts.""",Lau10_segment_6.txt
Lau10,Utilisation de Chat-GPT**,Utilisation de Chat-GPT pour des tâches de fact-checking,"""Enquête et fact-checking, ça c'est toujours en lien avec... Je sais pas si tu te rappelles.""",Lau10_segment_6.txt
Lau10,Utilisation de Chat-GPT**,Changement dans l'utilisation de Chat-GPT en fonction du contexte,"""Ça dépend des chats, des discussions.""",Lau10_segment_6.txt
Lau10,Utilisation de Chat-GPT**,Utilisation de Chat-GPT pour des tâches de recherche,"""Je pense que oui. Oui oui dans le cadre de mes études, oui c'était... Oui, c'était ça.""",Lau10_segment_6.txt
Lau10,Utilisation de Chat-GPT**,Évaluation de la qualité des réponses de Chat-GPT,"""Oui, voilà. Et puis après, j'ai demandé la prise de contact.""",Lau10_segment_6.txt
Lau10,Utilisation de ChatGPT pour l'évaluation des idées,Soumission d'idées à ChatGPT,"""ChatGPT, je ne suis pas sûre, mais Claude, oui.""",Lau10_segment_4.txt
Lau10,Utilisation de ChatGPT pour l'évaluation des idées,Réponses de ChatGPT,"""Ils sont toujours très sympas. En disant, oui, oui, je trouve ça super.""",Lau10_segment_4.txt
Lau10,Utilisation de ChatGPT pour l'évaluation des idées,Limites de l'évaluation par ChatGPT,"""J'ai quand même l'impression qu'il faut assez batailler pour dire non, non, mais fais-moi cinq critiques.""",Lau10_segment_4.txt
Lau10,Utilisation de ChatGPT pour l'évaluation des idées,Préférence pour une évaluation humaine,"""Je préfère que ce soit un humain qui me fasse un retour.""",Lau10_segment_4.txt
Lau10,Utilisation de ChatGPT pour l'évaluation des idées,Utilisation pour des textes écrits,"""Ça m'arrive, mais c'est plus sur des choses que j'ai déjà écrites, un paragraphe.""",Lau10_segment_4.txt
Lau10,Utilisation de ChatGPT pour l'évaluation des idées,Raisons de la préférence pour l'évaluation humaine,"""Je trouve qu'il y a un élément aussi assez difficile, mais ça c'est presque personnel, d'écrire en mettant le plus de contexte possible.""",Lau10_segment_4.txt
Lau10,Utilisation de ChatGPT pour l'évaluation des idées,Limites de ChatGPT pour comprendre le contexte,"""Mes questions, il n'y a pas énormément de contexte. C'est souvent quelques phrases""",Lau10_segment_4.txt
Lau10,Utilisation de ChatGPT pour l'évaluation des idées,Difficulté avec les prompts,"""Je ne suis pas hyper forte en prompt.""",Lau10_segment_4.txt
Lau10,Utilisation de ChatGPT pour l'évaluation des idées,Impact de la qualité du prompt,"""Je sais aussi que les réponses vont être très vagues.""",Lau10_segment_4.txt
Lau10,Utilisation de ChatGPT pour l'évaluation des idées,Condition d'une évaluation efficace,"""Si j'ai un paragraphe ou si j'ai un article, ce sera plus facile.""",Lau10_segment_4.txt
Lau10,Émotions et perceptions associées à l'utilisation de Chat-GPT,Honte ou pas de honte,"""non, je ne pense pas honte""",Lau10_segment_10.txt
Lau10,Émotions et perceptions associées à l'utilisation de Chat-GPT,Perception de la réponse parfaite,"""des fois, c'est des réponses parfaites. Des fois, c'est la réponse qu'il faut""",Lau10_segment_10.txt
Lau10,Émotions et perceptions associées à l'utilisation de Chat-GPT,Sentiment face à la performance de la machine,"""c'est toujours un peu honteux de se dire, en fait, je ne l'ai pas trouvé moi, mais c'est une machine qui l'a trouvé""",Lau10_segment_10.txt
Lau10,Émotions et perceptions associées à l'utilisation de Chat-GPT,Comparaison avec d'autres situations,"""c'est la même chose pour le plagiat en dehors de Chat-GPT""",Lau10_segment_10.txt
Lau10,Émotions et perceptions associées à l'utilisation de Chat-GPT,Préférence pour la formulation machinale,"""on aime plus la formulation machinale, la formulation des machines plutôt que celle des humains""",Lau10_segment_10.txt
Lau10,Émotions et perceptions associées à l'utilisation de Chat-GPT,Perception du biais de neutralité,"""on se dit que c'est neutre, que c'est plus structuré et au final""",Lau10_segment_10.txt
Lau10,Émotions et perceptions associées à l'utilisation de Chat-GPT,Acceptation de l'utilisation,"""si j'ai honte, je ne l'utilise pas""",Lau10_segment_10.txt
Lau10,Émotions et perceptions associées à l'utilisation de Chat-GPT,Émotions associées à la découverte,"""c'est plus dans ce sens-là""",Lau10_segment_10.txt
Lau10,Émotions et perceptions associées à l'utilisation de Chat-GPT,Réflexion sur la dépendance,"""est-ce que je me laisse remplacer par l'IA ?""",Lau10_segment_10.txt
Lau10,Émotions et perceptions associées à l'utilisation de Chat-GPT,Responsabilité personnelle,"""c'est ma responsabilité et puis que... En vrai, oui, forcément que ça va affecter mon travail""",Lau10_segment_10.txt
Lau10,Évaluation de la fiabilité et de la qualité des données**,"""Conscience des limites de Chat GPT pour la fiabilité""","""je sais que ça peut être assez problématique ces réponses""",Lau10_segment_7.txt
Lau10,Évaluation de la fiabilité et de la qualité des données**,"""Préférence pour des sources humaines pour la fiabilité""","""je préfère me tourner vers les médias ou vers des experts, des profs, des gens qui s'y connaissent""",Lau10_segment_7.txt
Lau10,Évaluation de la fiabilité et de la qualité des données**,"""Utilisation de Perplexity pour la vérification""","""je me fie pas uniquement sur les textes, mais je vois où est-ce que l'IA prend ses sources""",Lau10_segment_7.txt
Lau10,Évaluation de la fiabilité et de la qualité des données**,"""Avantages de Perplexity pour la vérification""","""ça me permet de... Si je suis pas forcément satisfaite ou si j'ai de la peine à croire, je peux aller directement vérifier par moi-même""",Lau10_segment_7.txt
Lau10,Évaluation de la fiabilité et de la qualité des données**,"""Limitations de Chat GPT pour la fourniture de sources""","""on sait pas d'où il tire ses sources""",Lau10_segment_7.txt
Lau10,Évaluation de la fiabilité et de la qualité des données**,"""Conscience des risques d'erreurs avec Chat GPT""","""je décide de ne pas l'utiliser pour... je sais pas, me donner des noms d'associations ou des noms de personnes""",Lau10_segment_7.txt
Lau10,Évaluation de la fiabilité et de la qualité des données**,"""Évaluation de la qualité des sources""","""je me tourne vers d'autres sources""",Lau10_segment_7.txt
Lau10,Évaluation de la fiabilité et de la qualité des données**,"""Préférence pour des sources vérifiables""","""je préfère demander au prof ou à mes collègues ou à mes amis de cours""",Lau10_segment_7.txt
Lau10,Évaluation de la fiabilité et de la qualité des données**,"""Utilisation de multiples sources pour la vérification""","""j'ai plus regardé les journaux, ce qui a été fait dans les médias ou auprès d'experts""",Lau10_segment_7.txt
Lau10,Évaluation de la fiabilité et de la qualité des données**,"""Conscience de l'importance de la vérification""","""je dirais que j'en ai conscience, même avant de commencer à écrire mon prompt ou mon message""",Lau10_segment_7.txt
Lau10,Évolution de l'utilisation de Chat-GPT**,Évolution de l'utilisation de Chat-GPT en fonction du contexte,"""Ça dépend des chats, des discussions.""",Lau10_segment_6.txt
Lau10,Évolution de l'utilisation de Chat-GPT**,Augmentation de l'utilisation de Chat-GPT,"""Je commence à utiliser Chat-GPT de plus en plus.""",Lau10_segment_6.txt
Lau10,Évolution de l'utilisation de Chat-GPT**,Changement dans la manière d'utiliser Chat-GPT,"""Je l'utilise comme correcteur presque.""",Lau10_segment_6.txt
Lau10,Évolution de l'utilisation de Chat-GPT**,Utilisation de Chat-GPT pour des tâches de plus en plus complexes,"""Oui, voilà. Et puis après, j'ai demandé la prise de contact.""",Lau10_segment_6.txt
Lau10,Évolution de l'utilisation de Chat-GPT**,Évaluation de l'efficacité de Chat-GPT,"""C'est difficile à dire parce qu'en vrai je ne sais pas trop quelle est la qualité de mon travail.""",Lau10_segment_6.txt
Lau10,Évolution de l'utilisation de Chat-GPT**,Réflexion sur l'utilisation de Chat-GPT,"""Je pense que oui. Oui oui dans le cadre de mes études, oui c'était... Oui, c'était ça.""",Lau10_segment_6.txt
Lau10,Évolution de l'utilisation de Chat-GPT**,Évolution de la perception de Chat-GPT,"""C'est un outil en plus.""",Lau10_segment_6.txt
Lau10,Évolution de l'utilisation de Chat-GPT**,Changement dans l'organisation du travail en fonction de Chat-GPT,"""Est-ce que tu t'organises différemment maintenant que tu as chat GPT ?""",Lau10_segment_6.txt
Lau10,Évolution de l'utilisation de Chat-GPT**,Évaluation de l'impact de Chat-GPT sur le travail universitaire,"""Ça m'a impactée dans mon travail, je suis pas sûre que ça m'a vraiment impactée.""",Lau10_segment_6.txt
Lau10,Évolution et Futur de l'IA,Incertitude sur l'évolution de l'IA,"""je n'en sais rien""",Lau10_segment_11.txt
Lau10,Évolution et Futur de l'IA,Comparaison avec l'avènement d'Internet,"""c'est une révolution, que ça change des pratiques, mais au même titre qu'Internet""",Lau10_segment_11.txt
Lau10,Évolution et Futur de l'IA,Perception de l'ampleur de l'IA,"""c'est presque autant grand qu'internet""",Lau10_segment_11.txt
Lau10,Évolution et Futur de l'IA,Futur de l'utilisation de l'IA,"""je pense que ça va continuer, ça ne va pas s'arrêter""",Lau10_segment_11.txt
Lau10,Évolution et Futur de l'IA,Évolution continue de l'IA,"""ça évolue vite""",Lau10_segment_11.txt
Lau10,Évolution et Futur de l'IA,Importance de la recherche sur l'IA,"""c'est presque un devoir au niveau des chercheurs""",Lau10_segment_11.txt
Lau10,Évolution et Futur de l'IA,Impact sur les pratiques futures,"""ça va révolutionner nos pratiques de manière générale""",Lau10_segment_11.txt
Lau10,Évolution et Futur de l'IA,Incertitude sur la manière dont l'IA va s'organiser,"""je ne sais pas comment ça peut s'organiser""",Lau10_segment_11.txt
Lau10,Évolution et Futur de l'IA,Continuité de l'utilisation de l'IA,"""les gens vont continuer à l'utiliser""",Lau10_segment_11.txt
Lau10,Évolution et Futur de l'IA,Nécessité d'une adaptation continue,"""ça va continuer d'évoluer, il faut être prêt""",Lau10_segment_11.txt
Lau10,Évolution et futur de l'utilisation de Chat-GPT,Évolution future de l'utilisation,"""je pense que... qu'en vrai on peut tout faire avec l'IA""",Lau10_segment_10.txt
Lau10,Évolution et futur de l'utilisation de Chat-GPT,Perception des potentialités,"""là je parle du texte, mais je me dis peut-être que c'est plus illégitime au niveau des images""",Lau10_segment_10.txt
Lau10,Évolution et futur de l'utilisation de Chat-GPT,Futur de la création et de l'IA,"""je ne sais pas, moi je suis écrivaine, je veux faire un livre et je demande à Chat-GPT et il me fait mon livre, mes chapitres""",Lau10_segment_10.txt
Lau10,Évolution et futur de l'utilisation de Chat-GPT,Question sur le rôle de l'humain,"""est-ce que je me laisse remplacer par l'IA ?""",Lau10_segment_10.txt
Lau10,Évolution et futur de l'utilisation de Chat-GPT,Responsabilité face à l'évolution,"""c'est la responsabilité de chaque personne de... ben voilà, de vérifier les informations, de vérifier l'orthographe aussi""",Lau10_segment_10.txt
Lau10,Évolution et futur de l'utilisation de Chat-GPT,Impact sur le travail et la créativité,"""ça peut amener à une sorte de flemme réflexive""",Lau10_segment_10.txt
Lau10,Évolution et futur de l'utilisation de Chat-GPT,Perception de l'outil comme un support,"""je le vois vraiment comme un plus""",Lau10_segment_10.txt
Lau10,Évolution et futur de l'utilisation de Chat-GPT,Futur de la relation entre humain et IA,"""on peut l'utiliser pour tout, il faut juste pas l'utiliser pas juste""",Lau10_segment_10.txt
Lau10,Évolution et futur de l'utilisation de Chat-GPT,Évolution des pratiques académiques et professionnelles,"""il y a des charts qui existent et qui disent... en tout cas dans les médias""",Lau10_segment_10.txt
Lau10,Évolution et futur de l'utilisation de Chat-GPT,Adaptation et responsabilité,"""c'est ma responsabilité et puis que... En vrai, oui, forcément que ça va affecter mon travail""",Lau10_segment_10.txt
